first_name,last_name,email,gender,ip_address
Humphrey,Addenbrooke,haddenbrooke0@macromedia.com,Male,137.22.128.8
Engelbert,Shoosmith,eshoosmith1@loc.gov,Male,61.233.144.8
Ricardo,OIlier,roilier2@techcrunch.com,Male,148.213.14.19
Vin,Dovey,vdovey3@thetimes.co.uk,Male,218.23.86.153
Yurik,Shortt,yshortt4@netlog.com,Male,182.169.196.133
Gauthier,Tingey,gtingey5@istockphoto.com,Male,248.77.175.102
Engelbert,Faughey,efaughey6@cdc.gov,Male,117.245.114.43
Arthur,Reuss,areuss7@sourceforge.net,Male,139.56.126.60
Trace,Elwin,telwin8@1688.com,Male,68.112.228.21
Elsa,Poletto,epoletto9@pbs.org,Female,47.187.217.213
Rodolphe,Gebby,rgebbya@usgs.gov,Male,102.14.145.149
Avivah,Swynley,aswynleyb@posterous.com,Female,115.139.212.251
Danya,Dronsfield,ddronsfieldc@csmonitor.com,Male,121.70.25.51
Sheeree,Renny,srennyd@time.com,Female,188.44.210.114
Kenton,Paintain,kpaintaine@tmall.com,Male,177.3.189.241
Hortense,Enderwick,henderwickf@chicagotribune.com,Female,116.64.194.231
Oneida,Brookshaw,obrookshawg@qq.com,Female,94.101.196.18
Erika,Sphinxe,esphinxeh@fotki.com,Female,141.132.113.113
Karen,Wardlow,kwardlowi@sciencedirect.com,Female,208.95.149.1
Munroe,Rounds,mroundsj@posterous.com,Male,99.81.116.188
Clyve,Sharrem,csharremk@deliciousdays.com,Male,41.27.67.66
Casper,Crinson,ccrinsonl@marriott.com,Male,168.104.26.94
Clary,Burniston,cburnistonm@nba.com,Female,153.61.255.235
Emilie,Troillet,etroilletn@phpbb.com,Female,187.83.79.45
Peggy,Gillbee,pgillbeeo@spiegel.de,Female,51.174.248.249
Natka,Giraudel,ngiraudelp@europa.eu,Female,107.17.147.194
Alameda,Aspinell,aaspinellq@squidoo.com,Female,105.173.196.10
Laverna,Guerra,lguerrar@yellowpages.com,Female,220.160.52.52
Yank,Joiris,yjoiriss@youku.com,Male,62.135.249.18
Jacqueline,Echlin,jechlint@cmu.edu,Female,116.31.21.78
Katleen,Kalkofen,kkalkofenu@accuweather.com,Female,93.174.64.128
Salem,Gounot,sgounotv@redcross.org,Male,241.193.53.253
Morlee,Bravery,mbraveryw@cmu.edu,Male,99.167.120.34
Noami,Issit,nissitx@examiner.com,Female,213.129.61.213
Sid,Blamphin,sblamphiny@opera.com,Male,3.119.65.2
Meghann,Landsman,mlandsmanz@hugedomains.com,Female,204.42.72.84
Shepherd,Barstock,sbarstock10@artisteer.com,Male,176.254.160.133
Wilie,Ratray,wratray11@com.com,Female,253.101.123.99
Katharine,Munby,kmunby12@pcworld.com,Female,94.132.139.205
Trever,Coult,tcoult13@youtube.com,Male,38.176.232.11
Herold,Brend,hbrend14@bluehost.com,Male,12.18.112.186
Marcille,Coombes,mcoombes15@tumblr.com,Female,224.203.218.33
Kare,De Roos,kderoos16@nbcnews.com,Female,170.85.143.229
Jennica,Mandre,jmandre17@bizjournals.com,Female,176.20.204.177
Glynn,Widdicombe,gwiddicombe18@over-blog.com,Male,193.140.14.27
Raddie,Foden,rfoden19@yellowbook.com,Male,162.144.224.133
Toni,Benedick,tbenedick1a@springer.com,Female,49.244.194.231
Andrus,Werndly,awerndly1b@cyberchimps.com,Male,28.200.180.58
Garold,Dickins,gdickins1c@patch.com,Male,208.82.255.75
Marcelia,Mulqueen,mmulqueen1d@behance.net,Female,192.168.210.21
Arlen,Maleby,amaleby1e@nih.gov,Female,244.27.152.181
Quinn,Motion,qmotion1f@woothemes.com,Male,111.1.233.16
Tabbatha,Boutellier,tboutellier1g@reverbnation.com,Female,74.18.75.123
Sonny,Allewell,sallewell1h@squarespace.com,Female,20.95.158.75
Lothaire,Fiddyment,lfiddyment1i@flavors.me,Male,192.114.73.137
Griffy,Barstock,gbarstock1j@psu.edu,Male,173.172.245.4
Franky,Taunton.,ftaunton1k@walmart.com,Female,253.159.196.194
Thomas,Maccree,tmaccree1l@constantcontact.com,Male,15.249.7.22
Carr,Hunday,chunday1m@google.es,Male,198.227.226.174
Debi,Beechcraft,dbeechcraft1n@ted.com,Female,221.38.115.238
Camella,Ebbotts,cebbotts1o@thetimes.co.uk,Female,148.193.71.111
Miof mela,Barbour,mbarbour1p@hp.com,Female,238.158.210.27
Friedrich,Huxham,fhuxham1q@merriam-webster.com,Male,212.186.115.121
Jacquelin,Cheevers,jcheevers1r@desdev.cn,Female,222.144.106.155
Gabriell,Rainbow,grainbow1s@cnn.com,Female,169.165.115.24
Godart,Forri,gforri1t@skype.com,Male,137.83.232.43
Holmes,Faiers,hfaiers1u@java.com,Male,67.169.100.131
Taryn,Kermeen,tkermeen1v@meetup.com,Female,43.172.161.90
Terrel,Campanelle,tcampanelle1w@theglobeandmail.com,Male,4.33.215.132
Hall,Baptist,hbaptist1x@goo.gl,Male,151.161.199.3
Nero,Arrell,narrell1y@irs.gov,Male,107.110.232.240
Melloney,Slorach,mslorach1z@ibm.com,Female,143.210.5.24
Sophie,Popping,spopping20@foxnews.com,Female,164.137.79.222
Paulina,Allner,pallner21@sitemeter.com,Female,188.54.219.49
Shaylynn,Miskelly,smiskelly22@delicious.com,Female,202.135.24.100
Jock,Lunk,jlunk23@fc2.com,Male,156.214.182.137
Harriott,Shama,hshama24@seesaa.net,Female,35.109.250.240
Frederigo,Hickeringill,fhickeringill25@tripadvisor.com,Male,161.62.115.14
Humberto,Rieflin,hrieflin26@storify.com,Male,165.149.137.58
Alanna,Paylie,apaylie27@qq.com,Female,19.230.178.251
Gordy,Ashness,gashness28@dell.com,Male,102.102.50.77
Vin,Rapson,vrapson29@oakley.com,Female,38.133.185.165
Jerri,Jacobsohn,jjacobsohn2a@gov.uk,Male,253.34.55.96
Charla,Melarkey,cmelarkey2b@usatoday.com,Female,62.111.133.99
Elsbeth,Maddinon,emaddinon2c@last.fm,Female,202.99.174.49
Enrika,Pedlow,epedlow2d@examiner.com,Female,120.71.54.148
Candra,Haggarty,chaggarty2e@cmu.edu,Female,248.150.227.72
Donal,Nials,dnials2f@vimeo.com,Male,99.106.37.248
Justinn,Boother,jboother2g@hubpages.com,Female,175.155.50.108
Sheilah,Gibbie,sgibbie2h@shutterfly.com,Female,91.153.190.12
Birdie,Mushett,bmushett2i@moonfruit.com,Female,160.1.30.234
Dehlia,Birney,dbirney2j@abc.net.au,Female,205.178.96.1
Bridget,Illiston,billiston2k@nyu.edu,Female,198.172.202.214
Pippo,Ferrucci,pferrucci2l@ebay.co.uk,Male,2.128.216.21
Elfrieda,Mariaud,emariaud2m@globo.com,Female,82.31.11.5
Aloisia,Slocket,aslocket2n@seattletimes.com,Female,118.149.50.95
Freida,Balser,fbalser2o@live.com,Female,64.14.63.97
Rhiamon,Reside,rreside2p@cloudflare.com,Female,115.107.0.60
Ibbie,Jemison,ijemison2q@jiathis.com,Female,166.49.253.148
Arlin,Cohrs,acohrs2r@timesonline.co.uk,Male,218.36.197.165
Pincus,Klainer,pklainer2s@earthlink.net,Male,155.253.170.143
Kasper,Kepling,kkepling2t@diigo.com,Male,60.183.7.18
Kurt,Tayspell,ktayspell2u@engadget.com,Male,191.166.60.13
Nico,Tebbs,ntebbs2v@yahoo.co.jp,Male,192.252.131.175
Chrisse,Barnsdall,cbarnsdall2w@youtu.be,Male,80.4.242.99
Nil,Pocke,npocke2x@thetimes.co.uk,Male,234.165.109.85
Livvyy,Massie,lmassie2y@youku.com,Female,35.125.2.224
Tye,Biddle,tbiddle2z@vimeo.com,Male,93.62.160.45
Rainer,Di Giacomettino,rdigiacomettino30@china.com.cn,Male,35.20.147.154
Faythe,Heeps,fheeps31@gov.uk,Female,167.100.172.16
Aubert,Loveday,aloveday32@drupal.org,Male,129.164.113.101
Gerrie,Sperling,gsperling33@smh.com.au,Male,66.209.177.2
Florri,Cursons,fcursons34@jimdo.com,Female,161.245.212.83
Quinta,Rosengarten,qrosengarten35@123-reg.co.uk,Female,26.105.214.25
Karlik,Stoffersen,kstoffersen36@amazonaws.com,Male,196.144.139.183
Tessi,Hirjak,thirjak37@deviantart.com,Female,128.198.234.188
Richmond,Redsell,rredsell38@whitehouse.gov,Male,152.155.119.142
Kennedy,Betke,kbetke39@alexa.com,Male,116.69.181.170
Raffarty,Seggie,rseggie3a@youtube.com,Male,1.86.86.210
Rudolfo,Echallier,rechallier3b@uol.com.br,Male,58.42.221.83
Bartholomew,Bott,bbott3c@google.ca,Male,248.45.230.11
Yoshi,Warmisham,ywarmisham3d@csmonitor.com,Female,54.135.88.109
Gabie,Haslin,ghaslin3e@bbb.org,Female,188.93.21.4
Hildagard,Trayhorn,htrayhorn3f@nsw.gov.au,Female,254.147.17.11
Aurthur,Duthie,aduthie3g@amazonaws.com,Male,80.209.240.174
Willis,Castanie,wcastanie3h@sun.com,Male,181.24.120.238
Basilius,Spottiswood,bspottiswood3i@wisc.edu,Male,203.81.135.97
Flory,Tumini,ftumini3j@dropbox.com,Female,227.37.176.192
Elnar,Olczyk,eolczyk3k@vistaprint.com,Male,145.57.225.175
Melli,Sympson,msympson3l@berkeley.edu,Female,15.125.100.243
Dominick,Bouette,dbouette3m@drupal.org,Male,129.91.121.11
Angelo,Keetley,akeetley3n@myspace.com,Male,14.233.10.59
Nil,Dilland,ndilland3o@vimeo.com,Male,162.161.83.163
Cesya,O' Concannon,coconcannon3p@army.mil,Female,233.83.145.230
Dolf,Albertson,dalbertson3q@google.fr,Male,92.114.160.86
Jacqueline,Bedow,jbedow3r@deliciousdays.com,Female,29.14.208.105
Lilli,Tunuy,ltunuy3s@sogou.com,Female,95.225.67.11
Nickie,Ornelas,nornelas3t@friendfeed.com,Male,107.122.142.8
Norean,McGrirl,nmcgrirl3u@squidoo.com,Female,25.148.47.129
Bonnibelle,Alleburton,balleburton3v@cbc.ca,Female,42.59.40.66
Alexandra,Crookes,acrookes3w@pinterest.com,Female,162.183.168.33
Andrus,Dever,adever3x@google.fr,Male,174.233.95.176
Vinny,McBeith,vmcbeith3y@salon.com,Female,198.20.195.184
Flory,Slark,fslark3z@godaddy.com,Female,181.148.120.63
Barry,Lakenton,blakenton40@yellowpages.com,Male,145.48.45.190
Filberto,Woodrooffe,fwoodrooffe41@blinklist.com,Male,197.243.31.212
Korrie,Botte,kbotte42@economist.com,Female,197.70.87.124
Allsun,Reddington,areddington43@1und1.de,Female,241.196.168.108
Arie,Tebbs,atebbs44@china.com.cn,Male,14.33.155.231
Ximenez,Kosiada,xkosiada45@ucsd.edu,Male,242.128.220.31
Marlene,Caris,mcaris46@instagram.com,Female,229.44.77.224
Sanford,Spoole,sspoole47@odnoklassniki.ru,Male,61.253.92.121
Marj,Roskam,mroskam48@huffingtonpost.com,Female,201.202.182.232
Kerk,Ogborne,kogborne49@topsy.com,Male,246.193.210.19
Morey,Longmate,mlongmate4a@gizmodo.com,Male,219.199.157.148
Andres,Ivons,aivons4b@examiner.com,Male,98.108.84.127
Normie,Thorndale,nthorndale4c@weather.com,Male,30.9.223.81
Augustina,Linden,alinden4d@bigcartel.com,Female,174.163.228.130
Giorgio,Spatig,gspatig4e@newyorker.com,Male,196.66.33.193
Wylma,Heyward,wheyward4f@time.com,Female,249.31.15.184
Evelin,Vidloc,evidloc4g@opensource.org,Male,149.127.180.252
Donalt,Anderer,danderer4h@techcrunch.com,Male,30.167.168.181
Denis,Klimko,dklimko4i@webeden.co.uk,Male,9.220.147.1
Sarge,Pizzie,spizzie4j@gnu.org,Male,186.63.4.138
Edgard,Lytton,elytton4k@instagram.com,Male,229.50.23.11
Erich,Duddell,eduddell4l@quantcast.com,Male,18.159.22.60
Parke,Hoff,phoff4m@virginia.edu,Male,140.195.202.72
Tris,Davidai,tdavidai4n@arstechnica.com,Male,83.233.180.118
Ursa,Pauer,upauer4o@omniture.com,Female,174.244.198.74
Pepito,Ortzen,portzen4p@springer.com,Male,244.135.86.141
Dale,Grandison,dgrandison4q@upenn.edu,Female,114.235.186.254
Marty,Haet,mhaet4r@imgur.com,Male,217.170.154.187
Cairistiona,Sarrell,csarrell4s@sbwire.com,Female,241.174.176.113
Elonore,Hinckley,ehinckley4t@icq.com,Female,204.24.47.144
Hewet,Stonman,hstonman4u@domainmarket.com,Male,170.114.30.52
Ciel,Dakers,cdakers4v@phoca.cz,Female,150.43.128.193
Roma,Starbeck,rstarbeck4w@sbwire.com,Male,106.112.179.163
Daryl,Dahmke,ddahmke4x@weebly.com,Male,100.126.172.165
Lark,Boissieux,lboissieux4y@nydailynews.com,Female,164.203.153.149
Christie,Binding,cbinding4z@berkeley.edu,Female,222.148.37.73
Althea,Benneton,abenneton50@webnode.com,Female,161.231.116.218
Jany,Hazeldene,jhazeldene51@altervista.org,Female,166.179.81.6
Miran,Conklin,mconklin52@printfriendly.com,Female,136.237.96.53
Antonietta,Elven,aelven53@cbc.ca,Female,251.91.88.118
Nanni,Casolla,ncasolla54@home.pl,Female,222.24.238.1
Petunia,Beardwell,pbeardwell55@sciencedaily.com,Female,172.105.168.45
Corrie,Titley,ctitley56@tmall.com,Female,78.165.130.135
Elise,Sickamore,esickamore57@reuters.com,Female,234.98.42.120
Gerhard,Errichi,gerrichi58@is.gd,Male,158.39.184.25
Feliks,Witheridge,fwitheridge59@de.vu,Male,9.217.106.70
Falito,Tripean,ftripean5a@fema.gov,Male,115.142.133.140
Saw,Pickover,spickover5b@google.fr,Male,117.139.127.36
Dominga,Cassius,dcassius5c@nhs.uk,Female,4.163.113.137
Eal,Storrah,estorrah5d@twitpic.com,Male,163.255.187.229
Leopold,Corneliussen,lcorneliussen5e@cargocollective.com,Male,92.125.196.145
Merrilee,Navarijo,mnavarijo5f@weather.com,Female,217.241.19.156
Chantal,Fahy,cfahy5g@google.fr,Female,15.90.40.251
Pip,Hanlin,phanlin5h@people.com.cn,Male,204.19.9.1
Babb,Bercevelo,bbercevelo5i@sphinn.com,Female,75.124.192.193
Bunni,Cheeld,bcheeld5j@home.pl,Female,175.105.119.97
